{
  "lang":"en",
  "name":"pipeline",
  "version":"0.0.0",
  "spacy_version":">=3.2.0,<3.3.0",
  "description":"",
  "author":"",
  "email":"",
  "url":"",
  "license":"",
  "spacy_git_version":"0fc3dee77",
  "vectors":{
    "width":0,
    "vectors":0,
    "keys":0,
    "name":null,
    "mode":"default"
  },
  "labels":{
    "tok2vec":[

    ],
    "ner":[
      "B",
      "I"
    ]
  },
  "pipeline":[
    "tok2vec",
    "ner"
  ],
  "components":[
    "tok2vec",
    "ner"
  ],
  "disabled":[

  ],
  "performance":{
    "ents_f":0.8350320402,
    "ents_p":0.8416394479,
    "ents_r":0.8285275692,
    "ents_per_type":{
      "B-org":{
        "p":0.7712490761,
        "r":0.6976433227,
        "f":0.7326020184
      },
      "B-geo":{
        "p":0.8321431503,
        "r":0.9121828325,
        "f":0.8703266515
      },
      "B-tim":{
        "p":0.9241425917,
        "r":0.8831126897,
        "f":0.9031618922
      },
      "I-org":{
        "p":0.7890304026,
        "r":0.7552103814,
        "f":0.7717500502
      },
      "I-tim":{
        "p":0.8480938416,
        "r":0.7201195219,
        "f":0.7788849987
      },
      "B-gpe":{
        "p":0.9528023599,
        "r":0.9302612631,
        "f":0.9413968981
      },
      "B-per":{
        "p":0.8198216457,
        "r":0.7926709779,
        "f":0.8060177344
      },
      "I-per":{
        "p":0.8282663771,
        "r":0.8911604361,
        "f":0.8585631214
      },
      "I-geo":{
        "p":0.7957345972,
        "r":0.7666666667,
        "f":0.7809302326
      },
      "B-art":{
        "p":0.0,
        "r":0.0,
        "f":0.0
      },
      "B-nat":{
        "p":0.0,
        "r":0.0,
        "f":0.0
      },
      "I-gpe":{
        "p":1.0,
        "r":0.3870967742,
        "f":0.5581395349
      },
      "B-eve":{
        "p":0.8571428571,
        "r":0.2264150943,
        "f":0.3582089552
      },
      "I-eve":{
        "p":0.0,
        "r":0.0,
        "f":0.0
      },
      "I-art":{
        "p":0.0,
        "r":0.0,
        "f":0.0
      },
      "I-nat":{
        "p":0.0,
        "r":0.0,
        "f":0.0
      }
    },
    "tok2vec_loss":1365.5776120313,
    "ner_loss":8963.553067687
  }
}