{
  "token_acc":1.0,
  "token_p":1.0,
  "token_r":1.0,
  "token_f":1.0,
  "ents_p":0.8417093369,
  "ents_r":0.8286312907,
  "ents_f":0.8351191161,
  "ents_per_type":{
    "B-org":{
      "p":0.7704222755,
      "r":0.6983118837,
      "f":0.7325968788
    },
    "B-geo":{
      "p":0.8325119106,
      "r":0.9119129026,
      "f":0.870405359
    },
    "B-tim":{
      "p":0.9242987496,
      "r":0.8831126897,
      "f":0.9032364597
    },
    "I-org":{
      "p":0.7893223819,
      "r":0.7558002359,
      "f":0.7721976697
    },
    "I-tim":{
      "p":0.8485915493,
      "r":0.7201195219,
      "f":0.7790948276
    },
    "B-gpe":{
      "p":0.9526116259,
      "r":0.9304669821,
      "f":0.9414090956
    },
    "B-per":{
      "p":0.819987837,
      "r":0.7926709779,
      "f":0.806098047
    },
    "I-per":{
      "p":0.8281476122,
      "r":0.8913551402,
      "f":0.8585896474
    },
    "I-geo":{
      "p":0.7963929758,
      "r":0.7662100457,
      "f":0.781010007
    },
    "B-art":{
      "p":0.0,
      "r":0.0,
      "f":0.0
    },
    "B-nat":{
      "p":0.0,
      "r":0.0,
      "f":0.0
    },
    "I-gpe":{
      "p":1.0,
      "r":0.3870967742,
      "f":0.5581395349
    },
    "B-eve":{
      "p":0.8571428571,
      "r":0.2264150943,
      "f":0.3582089552
    },
    "I-eve":{
      "p":0.0,
      "r":0.0,
      "f":0.0
    },
    "I-art":{
      "p":0.0,
      "r":0.0,
      "f":0.0
    },
    "I-nat":{
      "p":0.0,
      "r":0.0,
      "f":0.0
    }
  },
  "speed":32941.4347671701
}